{
  "group": "muchosbloques",
  "type": "minecraft:crafting_shaped",
  "pattern": [
    "012",
    "345",
    "678"
  ],
  "key": {
    "0": {
      "item": "minecraft:diamond_block"
    },
    "1": {
      "item": "minecraft:emerald_block"
    },
    "2": {
      "item": "minecraft:diamond_block"
    },
    "3": {
      "item": "minecraft:emerald_block"
    },
    "4": {
      "item": "minecraft:dragon_egg"
    },
    "5": {
      "item": "minecraft:emerald_block"
    },
    "6": {
      "item": "minecraft:diamond_block"
    },
    "7": {
      "item": "minecraft:emerald_block"
    },
    "8": {
      "item": "minecraft:diamond_block"
    }
  },
  "result": {
    "item": "minecraft:bedrock",
    "count": 64
  }
}